1,1,0,0.0076476450596977335,0,1,1,1,1,0,1,0,1,10,1
1,1,1,0.006601416105687406,0,1,1,1,1,0,1,0,1,10,1
1,1,2,0.009935445959499769,0,1,1,1,1,0,1,0,1,10,1
1,1,3,0.008540432507306368,0,1,1,1,1,0,1,0,1,10,1
1,2,0,0.007472924174472099,0,1,0,0,1,1,1,0,0,10,1
1,2,1,0.009131670465034315,0,1,0,0,1,1,1,0,0,10,1
1,2,2,0.01235706203987538,0,1,0,0,1,1,1,0,0,10,1
1,2,3,0.009187640589408972,0,1,0,0,1,1,1,0,0,10,1
1,3,0,0.007388916302054644,0,1,0,1,1,0,1,1,0,10,1
1,3,1,0.019290554167063104,0,1,0,1,1,0,1,1,0,10,1
1,3,2,0.011242426391533411,0,1,0,1,1,0,1,1,0,10,1
1,3,3,0.010990957794366958,0,1,0,1,1,0,1,1,0,10,1
1,4,0,0.0,1,1,0,0,1,0,1,0,0,10,1
1,4,1,0.0,1,1,0,0,1,0,1,0,0,10,1
1,4,2,0.0,1,1,0,0,1,0,1,0,0,10,1
1,4,3,0.0,1,1,0,0,1,0,1,0,0,10,1
1,5,0,0.03198303056614274,0,1,1,0,1,0,1,0,0,10,1
1,5,1,0.005121945291823283,0,1,1,0,1,0,1,0,0,10,1
1,5,2,0.35330079181889845,0,1,1,0,1,0,1,0,0,10,1
1,5,3,0.05036939904901687,0,1,1,0,1,0,1,0,0,10,1
1,6,0,0.005199210593116721,0,1,0,0,1,0,1,0,0,10,1
1,6,1,0.0008373969597409704,0,1,0,0,1,0,1,0,0,10,1
1,6,2,0.6247752988404934,0,1,0,0,1,0,1,0,0,10,1
1,6,3,0.006291275076164459,0,1,0,0,1,0,1,0,0,10,1
1,7,0,0.0019188815378983163,0,1,0,0,1,0,1,0,0,10,1
1,7,1,0.00017608109101704004,0,1,0,0,1,0,1,0,0,10,1
1,7,2,0.8383862161467954,0,1,0,0,1,0,1,0,0,10,1
1,7,3,0.010514351833544069,0,1,0,0,1,0,1,0,0,10,1
1,8,0,0.005893016731358131,0,1,0,0,1,0,1,0,1,10,1
1,8,1,0.0,0,1,0,0,1,0,1,0,1,10,1
1,8,2,0.9665669540392876,0,1,0,0,1,0,1,0,1,10,1
1,8,3,0.0009801,0,1,0,0,1,0,1,0,1,10,1
1,9,0,0.0,0,1,0,0,1,1,1,2,0,10,1
1,9,1,0.0,0,1,0,0,1,1,1,2,0,10,1
1,9,2,0.9966186080864774,0,1,0,0,1,1,1,2,0,10,1
1,9,3,0.0,0,1,0,0,1,1,1,2,0,10,1
1,10,0,0.0,2,1,0,1,1,0,1,1,1,10,1
1,10,1,0.0,2,1,0,1,1,0,1,1,1,10,1
1,10,2,0.0,2,1,0,1,1,0,1,1,1,10,1
1,10,3,0.0,2,1,0,1,1,0,1,1,1,10,1
2,1,0,0.007156649118186457,0,1,1,1,0,0,0,1,1,10,1
2,1,1,0.009132227292945149,0,1,1,1,0,0,0,1,1,10,1
2,1,2,0.007076757025275995,0,1,1,1,0,0,0,1,1,10,1
2,1,3,0.008390993169045605,0,1,1,1,0,0,0,1,1,10,1
2,2,0,0.0,1,0,0,0,0,1,0,0,1,10,1
2,2,1,0.0,1,0,0,0,0,1,0,0,1,10,1
2,2,2,0.0,1,0,0,0,0,1,0,0,1,10,1
2,2,3,0.0,1,0,0,0,0,1,0,0,1,10,1
2,3,0,0.011564699823204743,0,0,1,1,0,1,1,0,1,10,1
2,3,1,0.014161246778767332,0,0,1,1,0,1,1,0,1,10,1
2,3,2,0.03452340127212304,0,0,1,1,0,1,1,0,1,10,1
2,3,3,0.008100690658787718,0,0,1,1,0,1,1,0,1,10,1
2,4,0,0.008581166032126643,0,0,0,1,1,1,0,0,1,10,1
2,4,1,0.034656961645561195,0,0,0,1,1,1,0,0,1,10,1
2,4,2,0.06953480350493083,0,0,0,1,1,1,0,0,1,10,1
2,4,3,0.031945343223720495,0,0,0,1,1,1,0,0,1,10,1
2,5,0,0.009401475671545308,0,1,0,1,0,1,0,0,1,10,1
2,5,1,0.020963728328051143,0,1,0,1,0,1,0,0,1,10,1
2,5,2,0.025513962774236724,0,1,0,1,0,1,0,0,1,10,1
2,5,3,0.15738146320271326,0,1,0,1,0,1,0,0,1,10,1
2,6,0,0.00187284905144143,0,0,0,1,0,1,0,0,1,10,1
2,6,1,0.014275070140300557,0,0,0,1,0,1,0,0,1,10,1
2,6,2,0.009254110813806995,0,0,0,1,0,1,0,0,1,10,1
2,6,3,0.144789819812387,0,0,0,1,0,1,0,0,1,10,1
2,7,0,0.0006479607980261757,0,0,0,1,0,1,0,0,0,10,1
2,7,1,0.004565304267990198,0,0,0,1,0,1,0,0,0,10,1
2,7,2,0.04230803410211374,0,0,0,1,0,1,0,0,0,10,1
2,7,3,0.0420547108051171,0,0,0,1,0,1,0,0,0,10,1
2,8,0,0.008079398087824444,0,0,0,1,0,0,0,1,1,10,1
2,8,1,0.0017316926321149747,0,0,0,1,0,0,0,1,1,10,1
2,8,2,0.0034683339889657805,0,0,0,1,0,0,0,1,1,10,1
2,8,3,0.6508327744390121,0,0,0,1,0,0,0,1,1,10,1
2,9,0,0.0,1,0,0,0,0,1,2,0,0,10,1
2,9,1,0.0,1,0,0,0,0,1,2,0,0,10,1
2,9,2,0.0,1,0,0,0,0,1,2,0,0,10,1
2,9,3,0.0,1,0,0,0,0,1,2,0,0,10,1
2,10,0,0.0,0,0,1,1,2,0,1,1,1,10,1
2,10,1,0.0,0,0,1,1,2,0,1,1,1,10,1
2,10,2,0.0,0,0,1,1,2,0,1,1,1,10,1
2,10,3,0.9999999999999996,0,0,1,1,2,0,1,1,1,10,1
3,1,0,0.011163682307766445,0,1,1,1,0,0,1,1,0,10,1
3,1,1,0.018351093304284537,0,1,1,1,0,0,1,1,0,10,1
3,1,2,0.012682217056092454,0,1,1,1,0,0,1,1,0,10,1
3,1,3,0.007582583604267865,0,1,1,1,0,0,1,1,0,10,1
3,2,0,0.0,1,0,0,0,1,0,0,1,0,10,1
3,2,1,0.0,1,0,0,0,1,0,0,1,0,10,1
3,2,2,0.0,1,0,0,0,1,0,0,1,0,10,1
3,2,3,0.0,1,0,0,0,1,0,0,1,0,10,1
3,3,0,0.0,1,1,1,0,0,0,0,1,0,10,1
3,3,1,0.0,1,1,1,0,0,0,0,1,0,10,1
3,3,2,0.0,1,1,1,0,0,0,0,1,0,10,1
3,3,3,0.0,1,1,1,0,0,0,0,1,0,10,1
3,4,0,0.0,1,0,1,0,0,0,0,1,0,10,1
3,4,1,0.0,1,0,1,0,0,0,0,1,0,10,1
3,4,2,0.0,1,0,1,0,0,0,0,1,0,10,1
3,4,3,0.0,1,0,1,0,0,0,0,1,0,10,1
3,5,0,0.0,1,0,1,0,0,0,0,1,0,10,1
3,5,1,0.0,1,0,1,0,0,0,0,1,0,10,1
3,5,2,0.0,1,0,1,0,0,0,0,1,0,10,1
3,5,3,0.0,1,0,1,0,0,0,0,1,0,10,1
3,6,0,0.0,1,0,1,0,0,0,0,1,1,10,1
3,6,1,0.0,1,0,1,0,0,0,0,1,1,10,1
3,6,2,0.0,1,0,1,0,0,0,0,1,1,10,1
3,6,3,0.0,1,0,1,0,0,0,0,1,1,10,1
3,7,0,0.0,1,0,1,0,0,1,0,0,0,10,1
3,7,1,0.0,1,0,1,0,0,1,0,0,0,10,1
3,7,2,0.0,1,0,1,0,0,1,0,0,0,10,1
3,7,3,0.0,1,0,1,0,0,1,0,0,0,10,1
3,8,0,0.0039007746399550712,0,0,1,1,0,0,1,1,1,10,1
3,8,1,0.0017716933788828075,0,0,1,1,0,0,1,1,1,10,1
3,8,2,0.002454144361925929,0,0,1,1,0,0,1,1,1,10,1
3,8,3,0.30829287220786433,0,0,1,1,0,0,1,1,1,10,1
3,9,0,0.0,1,0,0,0,1,1,0,0,0,10,1
3,9,1,0.0,1,0,0,0,1,1,0,0,0,10,1
3,9,2,0.0,1,0,0,0,1,1,0,0,0,10,1
3,9,3,0.0,1,0,0,0,1,1,0,0,0,10,1
3,10,0,0.0,0,1,1,1,0,0,1,1,1,10,1
3,10,1,0.000917902854,0,1,1,1,0,0,1,1,1,10,1
3,10,2,0.0,0,1,1,1,0,0,1,1,1,10,1
3,10,3,0.9899999999999991,0,1,1,1,0,0,1,1,1,10,1
4,1,0,0.01828057643788983,0,1,1,1,0,0,1,0,0,10,1
4,1,1,0.025764099956064525,0,1,1,1,0,0,1,0,0,10,1
4,1,2,0.02834364188537196,0,1,1,1,0,0,1,0,0,10,1
4,1,3,0.013562219887179339,0,1,1,1,0,0,1,0,0,10,1
4,2,0,0.02055742791891309,0,0,0,0,1,0,1,0,0,10,1
4,2,1,0.03782430076386079,0,0,0,0,1,0,1,0,0,10,1
4,2,2,0.020373784293802474,0,0,0,0,1,0,1,0,0,10,1
4,2,3,0.027064159430778875,0,0,0,0,1,0,1,0,0,10,1
4,3,0,0.02745859161528713,0,1,0,0,1,0,1,0,1,10,1
4,3,1,0.024531626815520784,0,1,0,0,1,0,1,0,1,10,1
4,3,2,0.013358161263120697,0,1,0,0,1,0,1,0,1,10,1
4,3,3,0.017324345177563132,0,1,0,0,1,0,1,0,1,10,1
4,4,0,0.01781380014693496,0,1,0,0,1,1,1,0,1,10,1
4,4,1,0.010880109413584766,0,1,0,0,1,1,1,0,1,10,1
4,4,2,0.008844958457337106,0,1,0,0,1,1,1,0,1,10,1
4,4,3,0.009675017385932223,0,1,0,0,1,1,1,0,1,10,1
4,5,0,0.01034615673335567,0,1,0,1,1,1,1,0,0,10,1
4,5,1,0.009127063606009383,0,1,0,1,1,1,1,0,0,10,1
4,5,2,0.012022678640624196,0,1,0,1,1,1,1,0,0,10,1
4,5,3,0.007791549552425516,0,1,0,1,1,1,1,0,0,10,1
4,6,0,0.008229014138775605,0,1,0,1,1,0,1,1,0,10,1
4,6,1,0.015418567088286386,0,1,0,1,1,0,1,1,0,10,1
4,6,2,0.012305268961824161,0,1,0,1,1,0,1,1,0,10,1
4,6,3,0.010427398711747657,0,1,0,1,1,0,1,1,0,10,1
4,7,0,0.0,1,1,0,0,1,0,0,0,0,10,1
4,7,1,0.0,1,1,0,0,1,0,0,0,0,10,1
4,7,2,0.0,1,1,0,0,1,0,0,0,0,10,1
4,7,3,0.0,1,1,0,0,1,0,0,0,0,10,1
4,8,0,0.025385214262677445,0,1,1,0,0,0,1,1,1,10,1
4,8,1,0.00878429766325851,0,1,1,0,0,0,1,1,1,10,1
4,8,2,0.02819772745891974,0,1,1,0,0,0,1,1,1,10,1
4,8,3,0.10915640730426196,0,1,1,0,0,0,1,1,1,10,1
4,9,0,0.0,1,0,0,0,1,1,0,0,0,10,1
4,9,1,0.0,1,0,0,0,1,1,0,0,0,10,1
4,9,2,0.0,1,0,0,0,1,1,0,0,0,10,1
4,9,3,0.0,1,0,0,0,1,1,0,0,0,10,1
4,10,0,0.006700030031472031,0,1,1,1,0,0,1,1,1,10,1
4,10,1,0.004985497088433193,0,1,1,1,0,0,1,1,1,10,1
4,10,2,0.010894146552712767,0,1,1,1,0,0,1,1,1,10,1
4,10,3,0.9800999999999986,0,1,1,1,0,0,1,1,1,10,1
5,1,0,0.03233213168683485,0,1,1,1,0,0,0,0,0,10,1
5,1,1,0.04235040842670164,0,1,1,1,0,0,0,0,0,10,1
5,1,2,0.036465733593167765,0,1,1,1,0,0,0,0,0,10,1
5,1,3,0.02027773239896319,0,1,1,1,0,0,0,0,0,10,1
5,2,0,0.03252126777933529,0,0,0,0,0,0,0,0,1,10,1
5,2,1,0.05531552618475083,0,0,0,0,0,0,0,0,1,10,1
5,2,2,0.0243172590157608,0,0,0,0,0,0,0,0,1,10,1
5,2,3,0.030669561798897342,0,0,0,0,0,0,0,0,1,10,1
5,3,0,0.03266590752994594,0,0,0,0,0,1,0,1,1,10,1
5,3,1,0.02278428682736429,0,0,0,0,0,1,0,1,1,10,1
5,3,2,0.025888301106685184,0,0,0,0,0,1,0,1,1,10,1
5,3,3,0.01964421085483495,0,0,0,0,0,1,0,1,1,10,1
5,4,0,0.0,1,0,0,1,0,1,0,1,1,10,1
5,4,1,0.0,1,0,0,1,0,1,0,1,1,10,1
5,4,2,0.0,1,0,0,1,0,1,0,1,1,10,1
5,4,3,0.0,1,0,0,1,0,1,0,1,1,10,1
5,5,0,0.0,1,0,1,1,0,1,0,0,1,10,1
5,5,1,0.0,1,0,1,1,0,1,0,0,1,10,1
5,5,2,0.0,1,0,1,1,0,1,0,0,1,10,1
5,5,3,0.0,1,0,1,1,0,1,0,0,1,10,1
5,6,0,0.012580312090110193,0,0,1,1,0,1,1,0,1,10,1
5,6,1,0.011255496858730764,0,0,1,1,0,1,1,0,1,10,1
5,6,2,0.0212913440025619,0,0,1,1,0,1,1,0,1,10,1
5,6,3,0.010039202959393366,0,0,1,1,0,1,1,0,1,10,1
5,7,0,0.010582066889623659,0,0,0,1,1,1,0,0,0,10,1
5,7,1,0.020466967797906962,0,0,0,1,1,1,0,0,0,10,1
5,7,2,0.034709767688839765,0,0,0,1,1,1,0,0,0,10,1
5,7,3,0.01839899724939999,0,0,0,1,1,1,0,0,0,10,1
5,8,0,0.012496544472203308,0,1,0,1,0,0,1,1,0,10,1
5,8,1,0.05816138492348495,0,1,0,1,0,0,1,1,0,10,1
5,8,2,0.025906837310937614,0,1,0,1,0,0,1,1,0,10,1
5,8,3,0.04152219163486411,0,1,0,1,0,0,1,1,0,10,1
5,9,0,0.0,1,0,0,0,1,0,0,0,0,10,1
5,9,1,0.0,1,0,0,0,1,0,0,0,0,10,1
5,9,2,0.0,1,0,0,0,1,0,0,0,0,10,1
5,9,3,0.0,1,0,0,0,1,0,0,0,0,10,1
5,10,0,0.0038846948840206325,0,1,1,0,0,0,1,1,1,10,1
5,10,1,0.0014418004023918577,0,1,1,0,0,0,1,1,1,10,1
5,10,2,0.03149669972472886,0,1,1,0,0,0,1,1,1,10,1
5,10,3,0.9702989999999982,0,1,1,0,0,0,1,1,1,10,1
6,1,0,0.0398240498175406,0,1,1,1,0,0,0,0,0,10,1
6,1,1,0.0722347838962947,0,1,1,1,0,0,0,0,0,10,1
6,1,2,0.05871879526455078,0,1,1,1,0,0,0,0,0,10,1
6,1,3,0.032908621193920094,0,1,1,1,0,0,0,0,0,10,1
6,2,0,0.04351184419899244,0,0,0,0,0,0,0,1,0,10,1
6,2,1,0.11485114510759743,0,0,0,0,0,0,0,1,0,10,1
6,2,2,0.05375466199624498,0,0,0,0,0,0,0,1,0,10,1
6,2,3,0.03520629433541373,0,0,0,0,0,0,0,1,0,10,1
6,3,0,0.0,1,0,0,0,0,0,1,1,0,10,1
6,3,1,0.0,1,0,0,0,0,0,1,1,0,10,1
6,3,2,0.0,1,0,0,0,0,0,1,1,0,10,1
6,3,3,0.0,1,0,0,0,0,0,1,1,0,10,1
6,4,0,0.0,1,0,1,0,1,0,1,1,0,10,1
6,4,1,0.0,1,0,1,0,1,0,1,1,0,10,1
6,4,2,0.0,1,0,1,0,1,0,1,1,0,10,1
6,4,3,0.0,1,0,1,0,1,0,1,1,0,10,1
6,5,0,0.0,1,1,1,0,1,0,0,1,0,10,1
6,5,1,0.0,1,1,1,0,1,0,0,1,0,10,1
6,5,2,0.0,1,1,1,0,1,0,0,1,0,10,1
6,5,3,0.0,1,1,1,0,1,0,0,1,0,10,1
6,6,0,0.0,1,1,1,0,0,0,0,1,1,10,1
6,6,1,0.0,1,1,1,0,0,0,0,1,1,10,1
6,6,2,0.0,1,1,1,0,0,0,0,1,1,10,1
6,6,3,0.0,1,1,1,0,0,0,0,1,1,10,1
6,7,0,0.0,1,0,1,0,0,1,0,0,0,10,1
6,7,1,0.0,1,0,1,0,0,1,0,0,0,10,1
6,7,2,0.0,1,0,1,0,0,1,0,0,0,10,1
6,7,3,0.0,1,0,1,0,0,1,0,0,0,10,1
6,8,0,0.011467128418321966,0,0,1,1,0,0,1,0,0,10,1
6,8,1,0.00609844936763444,0,0,1,1,0,0,1,0,0,10,1
6,8,2,0.1751470035196651,0,0,1,1,0,0,1,0,0,10,1
6,8,3,0.012863811555502829,0,0,1,1,0,0,1,0,0,10,1
6,9,0,0.005103037234902633,0,0,0,0,1,0,0,0,0,10,1
6,9,1,0.005654837780156001,0,0,0,0,1,0,0,0,0,10,1
6,9,2,0.5111275252214339,0,0,0,0,1,0,0,0,0,10,1
6,9,3,0.025226886464321523,0,0,0,0,1,0,0,0,0,10,1
6,10,0,0.008871235385473276,0,1,0,0,0,0,1,1,1,10,1
6,10,1,0.007727625020472829,0,1,0,0,0,0,1,1,1,10,1
6,10,2,0.0235877963981643,0,1,0,0,0,0,1,1,1,10,1
6,10,3,0.9605960099999975,0,1,0,0,0,0,1,1,1,10,1
7,1,0,0.15740743627712447,0,1,1,1,0,0,0,0,1,10,1
7,1,1,0.0935333332730248,0,1,1,1,0,0,0,0,1,10,1
7,1,2,0.8345115688661424,0,1,1,1,0,0,0,0,1,10,1
7,1,3,0.05286211812448407,0,1,1,1,0,0,0,0,1,10,1
7,2,0,0.0595668993799506,0,0,0,0,0,1,1,0,0,10,1
7,2,1,0.09672712449830256,0,0,0,0,0,1,1,0,0,10,1
7,2,2,0.8429423949269059,0,0,0,0,0,1,1,0,0,10,1
7,2,3,0.06545430233236077,0,0,0,0,0,1,1,0,0,10,1
7,3,0,0.05723875600533222,0,0,0,1,1,0,1,0,0,10,1
7,3,1,0.08275940302939747,0,0,0,1,1,0,1,0,0,10,1
7,3,2,0.851457497247257,0,0,0,1,1,0,1,0,0,10,1
7,3,3,0.0813339581395376,0,0,0,1,1,0,1,0,0,10,1
7,4,0,0.05243252501926326,0,1,0,0,1,0,1,0,0,10,1
7,4,1,0.8600582664745019,0,1,0,0,1,0,1,0,0,10,1
7,4,2,0.1209201084495409,0,1,0,0,1,0,1,0,0,10,1
7,4,3,0.09544354580618244,0,1,0,0,1,0,1,0,0,10,1
7,5,0,0.04203279871120062,0,1,0,0,1,0,1,0,0,10,1
7,5,1,0.2574203722721524,0,1,0,0,1,0,1,0,0,10,1
7,5,2,0.05645682094330505,0,1,0,0,1,0,1,0,0,10,1
7,5,3,0.08096701512082034,0,1,0,0,1,0,1,0,0,10,1
7,6,0,0.03600760830089848,0,1,0,0,1,0,1,1,1,10,1
7,6,1,0.1073247205536615,0,1,0,0,1,0,1,1,1,10,1
7,6,2,0.02835420132003437,0,1,0,0,1,0,1,1,1,10,1
7,6,3,0.042590740659851266,0,1,0,0,1,0,1,1,1,10,1
7,7,0,0.0,1,1,0,0,1,1,0,0,1,10,1
7,7,1,0.0,1,1,0,0,1,1,0,0,1,10,1
7,7,2,0.0,1,1,0,0,1,1,0,0,1,10,1
7,7,3,0.0,1,1,0,0,1,1,0,0,1,10,1
7,8,0,0.0019976128825771266,0,1,1,1,0,1,0,0,1,10,1
7,8,1,0.0028636242145593832,0,1,1,1,0,1,0,0,1,10,1
7,8,2,0.013335524338863631,0,1,1,1,0,1,0,0,1,10,1
7,8,3,0.01592623838919373,0,1,1,1,0,1,0,0,1,10,1
7,9,0,0.002669164849575114,0,0,0,1,0,1,0,0,0,10,1
7,9,1,0.0034551129150392585,0,0,0,1,0,1,0,0,0,10,1
7,9,2,0.051254782856784975,0,0,0,1,0,1,0,0,0,10,1
7,9,3,0.017452359084994776,0,0,0,1,0,1,0,0,0,10,1
7,10,0,0.006686796023410628,0,0,0,1,0,0,1,1,1,10,1
7,10,1,0.006188582178573213,0,0,0,1,0,0,1,1,1,10,1
7,10,2,0.03061722931773064,0,0,0,1,0,0,1,1,1,10,1
7,10,3,0.9509900498999887,0,0,0,1,0,0,1,1,1,10,1
8,1,0,0.09310590875116022,0,1,1,1,0,0,0,1,1,10,1
8,1,1,0.06939063483293621,0,1,1,1,0,0,0,1,1,10,1
8,1,2,0.19514907548307894,0,1,1,1,0,0,0,1,1,10,1
8,1,3,0.8261629362435727,0,1,1,1,0,0,0,1,1,10,1
8,2,0,0.0,1,0,0,0,0,1,0,0,0,10,1
8,2,1,0.0,1,0,0,0,0,1,0,0,0,10,1
8,2,2,0.0,1,0,0,0,0,1,0,0,0,10,1
8,2,3,0.0,1,0,0,0,0,1,0,0,0,10,1
8,3,0,0.07056608891307721,0,0,1,1,0,0,0,0,1,10,1
8,3,1,0.025924535933169242,0,0,1,1,0,0,0,0,1,10,1
8,3,2,0.16240085612216748,0,0,1,1,0,0,0,0,1,10,1
8,3,3,0.03270417064815479,0,0,1,1,0,0,0,0,1,10,1
8,4,0,0.035518000757496254,0,0,0,0,0,1,0,0,1,10,1
8,4,1,0.1015579201877907,0,0,0,0,0,1,0,0,1,10,1
8,4,2,0.8687457862185038,0,0,0,0,0,1,0,0,1,10,1
8,4,3,0.03636528716853186,0,0,0,0,0,1,0,0,1,10,1
8,5,0,0.04141687309133937,0,0,0,1,0,1,0,0,0,10,1
8,5,1,0.07822890264273528,0,0,0,1,0,1,0,0,0,10,1
8,5,2,0.8775210155505702,0,0,0,1,0,1,0,0,0,10,1
8,5,3,0.036383981131316016,0,0,0,1,0,1,0,0,0,10,1
8,6,0,0.041010931352991206,0,0,0,1,0,0,1,1,0,10,1
8,6,1,0.8863848697783918,0,0,0,1,0,0,1,1,0,10,1
8,6,2,0.12227340615286687,0,0,0,1,0,0,1,1,0,10,1
8,6,3,0.0366615767980722,0,0,0,1,0,0,1,1,0,10,1
8,7,0,0.0,1,0,0,0,1,0,0,1,0,10,1
8,7,1,0.0,1,0,0,0,1,0,0,1,0,10,1
8,7,2,0.0,1,0,0,0,1,0,0,1,0,10,1
8,7,3,0.0,1,0,0,0,1,0,0,1,0,10,1
8,8,0,0.0,1,1,1,0,0,0,0,1,0,10,1
8,8,1,0.0,1,1,1,0,0,0,0,1,0,10,1
8,8,2,0.0,1,1,1,0,0,0,0,1,0,10,1
8,8,3,0.0,1,1,1,0,0,0,0,1,0,10,1
8,9,0,0.0,1,0,1,0,0,0,0,0,0,10,1
8,9,1,0.0,1,0,1,0,0,0,0,0,0,10,1
8,9,2,0.0,1,0,1,0,0,0,0,0,0,10,1
8,9,3,0.0,1,0,1,0,0,0,0,0,0,10,1
8,10,0,0.03151759321536549,0,0,1,0,0,0,1,1,1,10,1
8,10,1,0.010280640518069461,0,0,1,0,0,0,1,1,1,10,1
8,10,2,0.020862119629996675,0,0,1,0,0,0,1,1,1,10,1
8,10,3,0.9414801494009156,0,0,1,0,0,0,1,1,1,10,1
9,1,0,0.14024921407182356,0,1,1,1,0,3,1,1,1,10,1
9,1,1,0.130120683829773,0,1,1,1,0,3,1,1,1,10,1
9,1,2,0.12600136859360545,0,1,1,1,0,3,1,1,1,10,1
9,1,3,0.8178929618746933,0,1,1,1,0,3,1,1,1,10,1
9,2,0,0.0,1,0,0,3,1,1,0,0,0,10,1
9,2,1,0.0,1,0,0,3,1,1,0,0,0,10,1
9,2,2,0.0,1,0,0,3,1,1,0,0,0,10,1
9,2,3,0.0,1,0,0,3,1,1,0,0,0,10,1
9,3,0,0.014055038471438637,0,1,1,1,0,0,0,1,0,10,1
9,3,1,0.013089652663865931,0,1,1,1,0,0,0,1,0,10,1
9,3,2,0.019017984553265675,0,1,1,1,0,0,0,1,0,10,1
9,3,3,0.04908205715231834,0,1,1,1,0,0,0,1,0,10,1
9,4,0,0.0,1,0,0,0,0,0,0,1,0,10,1
9,4,1,0.0,1,0,0,0,0,0,0,1,0,10,1
9,4,2,0.0,1,0,0,0,0,0,0,1,0,10,1
9,4,3,0.0,1,0,0,0,0,0,0,1,0,10,1
9,5,0,0.0,1,0,1,0,0,0,0,0,0,10,1
9,5,1,0.0,1,0,1,0,0,0,0,0,0,10,1
9,5,2,0.0,1,0,1,0,0,0,0,0,0,10,1
9,5,3,0.0,1,0,1,0,0,0,0,0,0,10,1
9,6,0,0.13142431923721218,0,0,1,0,0,0,1,0,1,10,1
9,6,1,0.042367180470746744,0,0,1,0,0,0,1,0,1,10,1
9,6,2,0.8953382537936931,0,0,1,0,0,0,1,0,1,10,1
9,6,3,0.07510751807404954,0,0,1,0,0,0,1,0,1,10,1
9,7,0,0.039371851951337467,0,0,0,0,1,1,1,0,1,10,1
9,7,1,0.08360598537883847,0,0,0,0,1,1,1,0,1,10,1
9,7,2,0.9043820749065028,0,0,0,0,1,1,1,0,1,10,1
9,7,3,0.09818344029950371,0,0,0,0,1,1,1,0,1,10,1
9,8,0,0.025171999216833454,0,1,0,1,1,1,1,0,1,10,1
9,8,1,0.07579787540209398,0,1,0,1,1,1,1,0,1,10,1
9,8,2,0.9135172474631663,0,1,0,1,1,1,1,0,1,10,1
9,8,3,0.060064919697601075,0,1,0,1,1,1,1,0,1,10,1
9,9,0,0.02639284993107535,0,1,0,1,1,1,0,0,0,10,1
9,9,1,0.05280810762434691,0,1,0,1,1,1,0,0,0,10,1
9,9,2,0.922744694424227,0,1,0,1,1,1,0,0,0,10,1
9,9,3,0.05858779128756728,0,1,0,1,1,1,0,0,0,10,1
9,10,0,0.019547989965608456,0,1,0,1,0,0,1,1,1,10,1
9,10,1,0.013858850776931336,0,1,0,1,0,0,1,1,1,10,1
9,10,2,0.048659877112920615,0,1,0,1,0,0,1,1,1,10,1
9,10,3,0.9320653479063965,0,1,0,1,0,0,1,1,1,10,1
10,1,0,0.11996420726020313,3,1,1,1,0,1,1,1,1,10,1
10,1,1,0.16314776809059503,3,1,1,1,0,1,1,1,1,10,1
10,1,2,0.14398146891390287,3,1,1,1,0,1,1,1,1,10,1
10,1,3,0.8096952534318541,3,1,1,1,0,1,1,1,1,10,1
10,2,0,0.0,1,0,3,1,1,1,0,0,1,10,1
10,2,1,0.0,1,0,3,1,1,1,0,0,1,10,1
10,2,2,0.0,1,0,3,1,1,1,0,0,1,10,1
10,2,3,0.0,1,0,3,1,1,1,0,0,1,10,1
10,3,0,0.012166645177794207,0,1,1,1,0,1,1,0,1,10,1
10,3,1,0.011450958404791723,0,1,1,1,0,1,1,0,1,10,1
10,3,2,0.016382501573755016,0,1,1,1,0,1,1,0,1,10,1
10,3,3,0.021952150565615773,0,1,1,1,0,1,1,0,1,10,1
10,4,0,0.011535675489143072,0,0,0,1,1,1,1,0,1,10,1
10,4,1,0.011638886713358635,0,0,0,1,1,1,1,0,1,10,1
10,4,2,0.02370240300458038,0,0,0,1,1,1,1,0,1,10,1
10,4,3,0.011891205653842054,0,0,0,1,1,1,1,0,1,10,1
10,5,0,0.011717002604110575,0,1,0,1,1,1,0,0,1,10,1
10,5,1,0.025886342010206058,0,1,0,1,1,1,0,0,1,10,1
10,5,2,0.059898431139895666,0,1,0,1,1,1,0,0,1,10,1
10,5,3,0.023403626353512473,0,1,0,1,1,1,0,0,1,10,1
10,6,0,0.030390055617736764,0,1,0,1,0,1,0,1,1,10,1
10,6,1,0.0561411876628088,0,1,0,1,0,1,0,1,1,10,1
10,6,2,0.04711748089341421,0,1,0,1,0,1,0,1,1,10,1
10,6,3,0.0939462804172301,0,1,0,1,0,1,0,1,1,10,1
10,7,0,0.0,1,0,0,1,0,1,0,1,1,10,1
10,7,1,0.0,1,0,0,1,0,1,0,1,1,10,1
10,7,2,0.0,1,0,0,1,0,1,0,1,1,10,1
10,7,3,0.0,1,0,0,1,0,1,0,1,1,10,1
10,8,0,0.0,1,0,1,1,0,1,0,1,1,10,1
10,8,1,0.0,1,0,1,1,0,1,0,1,1,10,1
10,8,2,0.0,1,0,1,1,0,1,0,1,1,10,1
10,8,3,0.0,1,0,1,1,0,1,0,1,1,10,1
10,9,0,0.0,1,0,1,1,0,1,0,0,1,10,1
10,9,1,0.0,1,0,1,1,0,1,0,0,1,10,1
10,9,2,0.0,1,0,1,1,0,1,0,0,1,10,1
10,9,3,0.0,1,0,1,1,0,1,0,0,1,10,1
10,10,0,0.012911426679569245,0,0,1,1,0,1,1,1,1,10,1
10,10,1,0.011449010524009477,0,0,1,1,0,1,1,1,1,10,1
10,10,2,0.005606043883205873,0,0,1,1,0,1,1,1,1,10,1
10,10,3,0.04393874078989414,0,0,1,1,0,1,1,1,1,10,1
